Position,File,Title,Description,Created At,Connected At,Updated At,ID
1,1_com-gif.gif,com.gif,"",2023-07-03 15:44:10 UTC,2023-07-03 15:44:10 UTC,2023-07-03 16:17:42 UTC,22505238
2,2_biointerfaces-13-jpg.jpg,biointerfaces-13.jpg,"",2023-07-03 15:25:54 UTC,2023-07-03 15:25:54 UTC,2023-07-03 15:45:08 UTC,22505081
3,3_biointerfaces-1-jpg.jpg,biointerfaces-1.jpg,"",2023-07-03 15:25:53 UTC,2023-07-03 15:25:53 UTC,2023-07-03 15:38:19 UTC,22505078
4,4_discarded-leaves-masked-png.png,discarded-leaves-masked.png,"",2023-07-03 15:44:45 UTC,2023-07-03 15:44:45 UTC,2023-07-03 16:17:06 UTC,22505240
5,5_axidraw-png.png,axidraw.png,"",2023-07-03 15:47:00 UTC,2023-07-03 15:47:00 UTC,2023-07-03 15:47:07 UTC,22505265
6,6_biointerfaces-3-jpg.jpg,biointerfaces-3.jpg,"",2023-07-03 15:25:52 UTC,2023-07-03 15:25:52 UTC,2023-07-03 15:28:40 UTC,22505074
7,7_biointerfaces-11-jpg.jpg,biointerfaces-11.jpg,"",2023-07-03 15:25:53 UTC,2023-07-03 15:25:53 UTC,2023-07-03 15:28:40 UTC,22505075
8,8_biointerfaces-5-jpg.jpg,biointerfaces-5.jpg,"",2023-07-03 15:25:53 UTC,2023-07-03 15:25:53 UTC,2023-07-03 15:28:40 UTC,22505076
9,9_biointerfaces-9-jpg.jpg,biointerfaces-9.jpg,"",2023-07-03 15:25:53 UTC,2023-07-03 15:25:53 UTC,2023-07-03 15:28:40 UTC,22505077
10,10_biointerfaces-7-jpg.jpg,biointerfaces-7.jpg,"",2023-07-03 15:25:54 UTC,2023-07-03 15:25:54 UTC,2023-07-03 15:28:40 UTC,22505079
